{
  "epochs": [
    1,
    2,
    3,
    4,
    5,
    6,
    7,
    8,
    9,
    10,
    11,
    12,
    13,
    14,
    15,
    16,
    17,
    18,
    19,
    20
  ],
  "train_loss": [
    5.945275884025377,
    5.10411574115336,
    4.866298561778741,
    4.706691376968596,
    4.575266665540206,
    4.465188876772022,
    4.369642270488246,
    4.28186541001792,
    4.200719439959668,
    4.133997474465645,
    4.069894901563822,
    4.01405823396641,
    3.9656870768037042,
    3.924631333493333,
    3.8915657404639847,
    3.862546200780698,
    3.8428793560202505,
    3.8299735421925845,
    3.822587947485224,
    3.815985541694444
  ],
  "val_loss": [
    5.398488521575928,
    5.19777230863218,
    5.108726572107385,
    5.100450171364678,
    5.064838674333361,
    5.072671289797182,
    5.078741727051912,
    5.079059009198789,
    5.097699191835192,
    5.113603468294497,
    5.125745358290495,
    5.145173364215427,
    5.166368157775314,
    5.174316944899382,
    5.1811998243685125,
    5.188582243742766,
    5.198635074827406,
    5.20230046025029,
    5.203811442410505,
    5.204332130926627
  ],
  "learning_rates": [
    0.00029815325108927063,
    0.00029265847744427303,
    0.0002836509786282552,
    0.0002713525491562421,
    0.0002560660171779821,
    0.000238167787843871,
    0.00021809857496093204,
    0.00019635254915624216,
    0.00017346516975603468,
    0.00015000000000000001,
    0.0001265348302439654,
    0.0001036474508437579,
    8.190142503906799e-05,
    6.183221215612905e-05,
    4.393398282201788e-05,
    2.86474508437579e-05,
    1.6349021371744834e-05,
    7.341522555726972e-06,
    1.8467489107293517e-06,
    0.0
  ],
  "grad_norms": [
    0.8126662612909351,
    0.8769246383642344,
    0.9721766243398071,
    1.0583711235708082,
    1.1437679070601643,
    1.221735819907596,
    1.294206436064324,
    1.3626493758283127,
    1.4288377102990273,
    1.493050178050047,
    1.5518432315253832,
    1.5958099616450772,
    1.644401267319029,
    1.6847949968891636,
    1.7122878874272522,
    1.740963142150439,
    1.7540350491199532,
    1.7628224201752225,
    1.7707085498047634,
    1.7713070946706693
  ]
}